{
    "shallow": {
        "TCP SYN Flood": {
            "precision": 0.9613124387855044,
            "recall": 0.73218948153674,
            "f1": 0.8312513233114546,
            "num_samples": 4657
        },
        "Normal": {
            "precision": 0.9595112601820796,
            "recall": 0.7186434595370537,
            "f1": 0.8217913204062788,
            "num_samples": 9711
        },
        "Other": {
            "precision": 0.9626556016597511,
            "recall": 0.7122523025397711,
            "f1": 0.8187359640680141,
            "num_samples": 6355
        },
        "UDP Flood": {
            "precision": 0.9618055555555556,
            "recall": 0.7446236559139785,
            "f1": 0.8393939393939395,
            "num_samples": 677
        },
        "HTTP Flood": {
            "precision": 0.9425287356321839,
            "recall": 0.6890756302521008,
            "f1": 0.7961165048543689,
            "num_samples": 1096
        },
        "ICMP Flood": {
            "precision": 1.0,
            "recall": 0.68,
            "f1": 0.8095238095238095,
            "num_samples": 41
        },
        "Low-and-Slow": {
            "precision": 1.0,
            "recall": 0.75,
            "f1": 0.8571428571428571,
            "num_samples": 7
        }
    },
    "gru": {
        "TCP SYN Flood": {
            "precision": 0.9762641898864809,
            "recall": 0.7057068258112644,
            "f1": 0.8192249404633037,
            "num_samples": 4657
        },
        "Normal": {
            "precision": 0.9726708074534162,
            "recall": 0.7024941683115019,
            "f1": 0.8157949572827672,
            "num_samples": 9711
        },
        "Other": {
            "precision": 0.9710824540836264,
            "recall": 0.6935528886408038,
            "f1": 0.809182676652556,
            "num_samples": 6355
        },
        "UDP Flood": {
            "precision": 0.9740740740740741,
            "recall": 0.706989247311828,
            "f1": 0.8193146417445484,
            "num_samples": 677
        },
        "HTTP Flood": {
            "precision": 0.9736842105263158,
            "recall": 0.6840336134453782,
            "f1": 0.8035538005923002,
            "num_samples": 1096
        },
        "ICMP Flood": {
            "precision": 1.0,
            "recall": 0.6,
            "f1": 0.7499999999999999,
            "num_samples": 41
        },
        "Low-and-Slow": {
            "precision": 1.0,
            "recall": 0.75,
            "f1": 0.8571428571428571,
            "num_samples": 7
        }
    },
    "dnn": {
        "TCP SYN Flood": {
            "precision": 0.9721555448871819,
            "recall": 0.7553151809026483,
            "f1": 0.8501259445843828,
            "num_samples": 4657
        },
        "Normal": {
            "precision": 0.967711962833914,
            "recall": 0.7475327471738741,
            "f1": 0.843490585138692,
            "num_samples": 9711
        },
        "Other": {
            "precision": 0.9693387513852973,
            "recall": 0.7323471950879151,
            "f1": 0.8343402225755165,
            "num_samples": 6355
        },
        "UDP Flood": {
            "precision": 0.9658703071672355,
            "recall": 0.760752688172043,
            "f1": 0.8511278195488722,
            "num_samples": 677
        },
        "HTTP Flood": {
            "precision": 0.9573991031390134,
            "recall": 0.7176470588235294,
            "f1": 0.8203650336215177,
            "num_samples": 1096
        },
        "ICMP Flood": {
            "precision": 1.0,
            "recall": 0.72,
            "f1": 0.8372093023255813,
            "num_samples": 41
        },
        "Low-and-Slow": {
            "precision": 1.0,
            "recall": 0.75,
            "f1": 0.8571428571428571,
            "num_samples": 7
        }
    },
    "lstm": {
        "TCP SYN Flood": {
            "precision": 0.931358024691358,
            "recall": 0.7034688549048862,
            "f1": 0.8015299617509561,
            "num_samples": 4657
        },
        "Normal": {
            "precision": 0.9293478260869565,
            "recall": 0.7057240265566123,
            "f1": 0.8022437531871495,
            "num_samples": 9711
        },
        "Other": {
            "precision": 0.9316398954053045,
            "recall": 0.6960647502093218,
            "f1": 0.7968051118210863,
            "num_samples": 6355
        },
        "UDP Flood": {
            "precision": 0.9192982456140351,
            "recall": 0.7043010752688172,
            "f1": 0.797564687975647,
            "num_samples": 677
        },
        "HTTP Flood": {
            "precision": 0.9325842696629213,
            "recall": 0.6974789915966386,
            "f1": 0.798076923076923,
            "num_samples": 1096
        },
        "ICMP Flood": {
            "precision": 0.8823529411764706,
            "recall": 0.6,
            "f1": 0.7142857142857143,
            "num_samples": 41
        },
        "Low-and-Slow": {
            "precision": 1.0,
            "recall": 0.75,
            "f1": 0.8571428571428571,
            "num_samples": 7
        }
    },
    "transformer": {
        "TCP SYN Flood": {
            "precision": 0.9291028446389497,
            "recall": 0.7918687057068258,
            "f1": 0.8550140958517922,
            "num_samples": 4657
        },
        "Normal": {
            "precision": 0.9227531046095558,
            "recall": 0.7866499192535439,
            "f1": 0.8492832235567609,
            "num_samples": 9711
        },
        "Other": {
            "precision": 0.9264314247669774,
            "recall": 0.7767234161317332,
            "f1": 0.8449977227873083,
            "num_samples": 6355
        },
        "UDP Flood": {
            "precision": 0.9216300940438872,
            "recall": 0.7903225806451613,
            "f1": 0.8509406657018813,
            "num_samples": 677
        },
        "HTTP Flood": {
            "precision": 0.9333333333333333,
            "recall": 0.7764705882352941,
            "f1": 0.8477064220183486,
            "num_samples": 1096
        },
        "ICMP Flood": {
            "precision": 0.9,
            "recall": 0.72,
            "f1": 0.7999999999999999,
            "num_samples": 41
        },
        "Low-and-Slow": {
            "precision": 1.0,
            "recall": 0.75,
            "f1": 0.8571428571428571,
            "num_samples": 7
        }
    },
    "linear": {
        "TCP SYN Flood": {
            "precision": 0.9354089219330854,
            "recall": 0.7508392390898918,
            "f1": 0.8330229671011794,
            "num_samples": 4657
        },
        "Normal": {
            "precision": 0.932972241029113,
            "recall": 0.7417907769603446,
            "f1": 0.826469412235106,
            "num_samples": 9711
        },
        "Other": {
            "precision": 0.9351063829787234,
            "recall": 0.7359754395757745,
            "f1": 0.8236764016867093,
            "num_samples": 6355
        },
        "UDP Flood": {
            "precision": 0.9283387622149837,
            "recall": 0.7661290322580645,
            "f1": 0.8394698085419734,
            "num_samples": 677
        },
        "HTTP Flood": {
            "precision": 0.9383259911894273,
            "recall": 0.7159663865546219,
            "f1": 0.8122020972354623,
            "num_samples": 1096
        },
        "ICMP Flood": {
            "precision": 0.9047619047619048,
            "recall": 0.76,
            "f1": 0.8260869565217391,
            "num_samples": 41
        },
        "Low-and-Slow": {
            "precision": 1.0,
            "recall": 0.75,
            "f1": 0.8571428571428571,
            "num_samples": 7
        }
    },
    "threshold": {
        "TCP SYN Flood": {
            "precision": 0.5756925059050891,
            "recall": 1.0,
            "f1": 0.7307168165712729,
            "num_samples": 4657
        },