{
  "precision": 0.6826881565692905,
  "recall": 0.9488,
  "f1_score": 0.7940413423717465,
  "accuracy": 0.7539,
  "roc_auc": 0.7021043199999998,
  "num_samples": 10000
}