{
  "precision": 0.8674551386623165,
  "recall": 0.3314891295877815,
  "f1_score": 0.47967525511642334,
  "accuracy": 0.5906227821149752,
  "roc_auc": 0.6297565889698935,
  "num_samples": 22544
}