{"0": 4.039867877960205, "1": 0.07771198451519012, "2": 0.008667282899841658, "3": -0.014088810421526432, "4": -0.08948641270399094, "5": -0.0077359857968986034, "6": 5.0, "7": -0.027022818103432655, "8": 1.2356940507888794, "9": 0.030104054138064384, "10": -0.03665187209844589, "11": -0.024436509236693382, "12": 0.06958367675542831, "13": -0.026180025190114975, "14": -0.018609896302223206, "15": 5.0, "16": 0.0, "17": -0.002817493863403797, "18": 5.0, "19": 1.9639863967895508, "20": 3.8899971866606786, "21": 1.6026639938354492, "22": 1.493252158164978, "23": 2.7464029788970947, "24": 2.715364456176758, "25": 0.7712830901145935, "26": 5.0, "27": 3.474118709564209, "28": 0.7343424558639526, "29": 1.2587543725967407, "30": 1.0664013624191284, "31": 4.007223606109619, "32": 2.756092071533203, "33": 3.6198062896728516, "34": 1.2040667533874512, "35": 0.42972731590270996, "36": 2.8744094371795654, "37": 2.753913640975952, "38": -0.7574679255485535, "39": 3.7674853801727295, "40": 0.4761752188205719, "41": 2.720684051513672, "42": -0.03855712339282036, "43": -0.02407955937087536, "44": -0.08300530165433884, "45": -0.00398455373942852, "46": -0.08740080893039703, "47": -0.0752866193652153, "48": -0.07655581086874008, "49": -0.06591754406690598, "50": -0.0670020580291748, "51": -0.06444364786148071, "52": -0.06549102813005447, "53": -0.06735974550247192, "54": 3.5958926677703857, "55": -0.058797046542167664, "56": 5.0, "57": -0.158232182264328, "58": -0.06216840445995331, "59": -0.06145666539669037, "60": 5.0, "61": 5.0, "62": 4.166943073272705, "63": -0.06425705552101135, "64": -0.00398455373942852, "65": -0.06053889915347099, "66": 1.457029938697815, "67": -0.0028174936305731535, "68": -0.06500019878149033, "69": -0.0039845542050898075, "70": -0.07185078412294388, "71": -0.07405035197734833, "72": -0.05872904136776924, "73": -0.04877674579620361, "74": -0.05714274197816849, "75": -0.061521705240011215, "76": -0.05845620483160019, "77": -0.05913594737648964, "78": -0.0599416047334671, "79": -0.05679211765527725, "80": -0.05255632847547531, "81": -0.05368345230817795, "82": -0.053534526377916336, "83": -0.07089574635028839, "84": -0.04853085055947304, "85": -0.036543119698762894, "86": 5.0, "87": -0.0063002086244523525, "88": -0.024891044944524765, "89": -0.04582671821117401, "90": -0.02341018058359623, "91": 2.1827878952026367, "92": -0.007969297468662262, "93": -0.024891044944524765, "94": -0.026137184351682663, "95": -0.02272113785147667, "96": 4.028138637542725, "97": -0.04414353147149086, "98": -0.04974829778075218, "99": -0.05507843196392059, "100": -0.06585676968097687, "101": -0.061651576310396194, "102": 5.0, "103": -0.004880082327872515, "104": -0.007969298399984837, "105": -0.072240449488163, "106": -0.008910016156733036, "107": 5.0, "108": -0.0789327621459961, "109": -0.07415864616632462, "110": -0.07015684247016907, "111": -0.07437478750944138, "112": -0.019112588837742805, "113": 3.1960203647613525, "114": -0.11204982548952103, "115": -0.028606027364730835, "116": -0.13998208940029144, "117": 1.6169778108596802, "118": 5.0, "119": -0.031767431646585464, "120": -0.019726213067770004, "121": 0.8251499533653259, "122": -0.046431586146354675}