{
    "dnn": {
        "duration": 0.12267001076653071,
        "src_bytes": 0.0005254509183728433,
        "dst_bytes": 7.27416882184049e-05,
        "land": 0.0,
        "wrong_fragment": 0.0005434635065274273,
        "urgent": 0.0,
        "hot": 0.025843274282504294,
        "num_failed_logins": 0.1262106150517701,
        "logged_in": 0.33647812239232555,
        "num_compromised": 0.010090059077770032,
        "root_shell": 0.00022885549768925068,
        "su_attempted": 0.031195439629189418,
        "num_root": 6.819160665150159e-07,
        "num_file_creations": 0.028467312103659874,
        "num_shells": 0.031193761817333274,
        "num_access_files": 8.822727769633063e-07,
        "num_outbound_cmds": 0.0,
        "is_host_login": 0.0,
        "is_guest_login": 0.16712137702279917,
        "count": 0.1193579520564662
    },
    "gru": {
        "duration": 0.23086350039441672,
        "src_bytes": 0.0014874103349685661,
        "dst_bytes": 0.0003528855469189426,
        "land": 0.0,
        "wrong_fragment": 0.08117162256945284,
        "urgent": 0.0,
        "hot": 0.05541948275345709,
        "num_failed_logins": 0.03365335761207699,
        "logged_in": 0.20984036616201843,
        "num_compromised": 5.3911681315347184e-05,
        "root_shell": 0.042120560352744134,
        "su_attempted": 0.00017640237196596441,
        "num_root": 0.024785225541256867,
        "num_file_creations": 0.019367409970968374,
        "num_shells": 0.004107681514994917,
        "num_access_files": 0.0005750455710113587,
        "num_outbound_cmds": 0.0,
        "is_host_login": 0.0,
        "is_guest_login": 0.12990986437682334,
        "count": 0.16611527324561012
    },
    "linear": {
        "duration": 0.046164510926739684,
        "src_bytes": 0.0007833135358704884,
        "dst_bytes": 0.0003939490085288786,
        "land": 0.0,
        "wrong_fragment": 0.0035636463608628315,
        "urgent": 0.0,
        "hot": 0.0367287097015619,
        "num_failed_logins": 0.30583344919670635,
        "logged_in": 0.040843448088861374,
        "num_compromised": 0.00048236071524350904,
        "root_shell": 0.04865868017874605,
        "su_attempted": 1.08431949725275e-10,
        "num_root": 0.009147823202672841,
        "num_file_creations": 0.0056768745651873094,
        "num_shells": 5.9654346613748894e-05,
        "num_access_files": 0.00016896221013149493,
        "num_outbound_cmds": 0.0,
        "is_host_login": 0.0,
        "is_guest_login": 0.026948469321415383,
        "count": 0.47454614853242616
    },
    "lstm": {
        "duration": 0.2681798893520763,
        "src_bytes": 0.0010648796616931195,
        "dst_bytes": 0.00016613598927760927,
        "land": 0.0,
        "wrong_fragment": 0.004993256990690494,
        "urgent": 0.0,
        "hot": 0.055646598848559194,
        "num_failed_logins": 0.08898054763680593,
        "logged_in": 0.15627636973688702,
        "num_compromised": 9.116274544575857e-05,
        "root_shell": 0.029986110087254183,
        "su_attempted": 6.994604797505321e-07,
        "num_root": 0.00042471648444931655,
        "num_file_creations": 0.021140076497369997,
        "num_shells": 0.0025687310099788644,
        "num_access_files": 0.028283807588149627,
        "num_outbound_cmds": 0.0,
        "is_host_login": 0.0,
        "is_guest_login": 0.09455007097838702,
        "count": 0.2476469469324958
    },
    "shallow": {
        "duration": 0.25946481494614054,
        "src_bytes": 0.0007586702785480194,
        "dst_bytes": 0.0005419287049289992,
        "land": 0.0,
        "wrong_fragment": 0.005860791251327833,
        "urgent": 0.0,
        "hot": 0.03225660242842349,
        "num_failed_logins": 0.02776149509899296,
        "logged_in": 0.21892058476764434,
        "num_compromised": 2.6981114870557436e-07,
        "root_shell": 1.2200757924180499e-05,
        "su_attempted": 0.013058478918059089,
        "num_root": 0.04149217609289377,
        "num_file_creations": 0.05505435575339294,
        "num_shells": 0.04111899715243237,
        "num_access_files": 0.00013629424801775563,
        "num_outbound_cmds": 0.0,
        "is_host_login": 0.0,
        "is_guest_login": 0.03955284181581687,
        "count": 0.2640094979743081
    },
    "transformer": {
        "duration": 0.09145835296968714,
        "src_bytes": 0.0019214927720955354,
        "dst_bytes": 0.0005297681640623425,
        "land": 0.0,
        "wrong_fragment": 0.002293368390532762,
        "urgent": 0.0,
        "hot": 0.005324226001511808,
        "num_failed_logins": 0.0527916651406819,
        "logged_in": 0.22141252814776105,
        "num_compromised": 1.4637592987610511e-05,
        "root_shell": 0.019512946946724476,
        "su_attempted": 0.0002444547765808371,
        "num_root": 0.000892581924033616,
        "num_file_creations": 0.050716627410919805,
        "num_shells": 4.5414086626585634e-05,
        "num_access_files": 0.026261406363978338,
        "num_outbound_cmds": 0.0,
        "is_host_login": 0.0,
        "is_guest_login": 0.19818544406489724,
        "count": 0.3283950852469189
    }
}